language,syn_silhouette,syn_davies_bouldin,ant_silhouette,ant_davies_bouldin
german,0.3770774304866791,1.068034019366521,0.6004980802536011,0.749310078143542
