language,syn_silhouette,syn_davies_bouldin,ant_silhouette,ant_davies_bouldin
italian,0.35423463582992554,1.153873970884405,0.5557600259780884,0.7768366860007224
