language,syn_silhouette,syn_davies_bouldin,ant_silhouette,ant_davies_bouldin
dutch,0.20708464086055756,1.799248215372591,0.4412766993045807,1.2853547309891111
