language,syn_silhouette,syn_davies_bouldin,ant_silhouette,ant_davies_bouldin
portuguese,0.33917236328125,1.1956053743476196,0.5149917006492615,0.8973487073766226
