language,syn_silhouette,syn_davies_bouldin,ant_silhouette,ant_davies_bouldin
spanish,0.3424213230609894,1.1766585956540672,0.329149454832077,1.229818163131863
