language,syn_silhouette,syn_davies_bouldin,ant_silhouette,ant_davies_bouldin
french,0.254635751247406,1.5255071693038809,0.1982114166021347,2.0516196935503475
