language,syn_silhouette,syn_davies_bouldin,ant_silhouette,ant_davies_bouldin
russian,0.4425516724586487,0.9099520962360242,0.542840301990509,0.7705245599825546
